{
  "distillation": [
    {
      "T": 1,
      "acc": 0.7998,
      "retention": 0.017857142857142856,
      "n_match": 4,
      "n_total": 224,
      "p_value": 0.9848070742675668,
      "verified": "False",
      "student_arch": "resnet20"
    },
    {
      "T": 5,
      "acc": 0.8146,
      "retention": 0.09829059829059829,
      "n_match": 23,
      "n_total": 234,
      "p_value": 0.00014186336502602397,
      "verified": "False",
      "student_arch": "resnet20"
    },
    {
      "T": 10,
      "acc": 0.825,
      "retention": 0.15254237288135594,
      "n_match": 36,
      "n_total": 236,
      "p_value": 2.3059223144763282e-11,
      "verified": "False",
      "student_arch": "resnet20"
    },
    {
      "T": 20,
      "acc": 0.8155,
      "retention": 0.1752136752136752,
      "n_match": 41,
      "n_total": 234,
      "p_value": 8.61664235858058e-15,
      "verified": "False",
      "student_arch": "resnet20"
    }
  ]
}